ACS Cent Sc,https://i.postimg.cc/0NYkns9x/ACS-Cent-Sci.png
Acta Neuropathol,https://i.postimg.cc/hvjKKQTP/Acta-Neuropathol.webp
Aging Ment Health, https://i.postimg.cc/Dfs6mDz7/Aging-Ment-Health.webp
Alzheimers Dement,https://i.postimg.cc/j5RskFjf/Alzheimers-Dement.jpg
Alzheimers Dement (N Y),https://i.postimg.cc/j5RskFjf/Alzheimers-Dement.jpg
Alzheimers Dement (Amst),https://i.postimg.cc/j5RskFjf/Alzheimers-Dement.jpg
Alzheimers Res Ther,https://i.postimg.cc/wvF6KQtG/Alzheimers-Res-Ther.jpg
Am J Geriatr Psychiatry, https://i.postimg.cc/5Nv3pTZW/Am-J-Geriatr-Psychiatry.png
Ann Neurol, https://i.postimg.cc/2yhm4JSb/Ann-Neurol.png
bioRxiv,https://i.postimg.cc/mk5BkZy3/bioRxiv.png
BMC Med Res Methodol, https://i.postimg.cc/4Ng5c5KV/BMC-Med-Res-Methodol.jpg
Brain,https://i.postimg.cc/158yT6yv/Brain.png
Brain Commun,https://i.postimg.cc/CMPFmJpZ/Brain-Commun.png
Cancers (Basel), https://i.postimg.cc/pTVRhtxS/Cancers-Basel.jpg
EBioMedicine,https://i.postimg.cc/sDb3RXXs/EBio-Medicine.jpg
Gerontologist, https://i.postimg.cc/mrZyLDhT/Gerontologist.jpg
Geroscience,https://i.postimg.cc/MpRqZSMR/Geroscience.jpg
Hastings Cent Rep, https://i.postimg.cc/NjGkJjk0/Hastings-Cent-Rep.webp
J Alzheimers Dis,https://i.postimg.cc/1zQPfjwd/J-Alzheimer-Dis.jpg
J Plankton Res,https://i.postimg.cc/6QfKRfhp/J-Plankton-Res.png
J Prev Alzheimers Dis, https://i.postimg.cc/s2YwX7DG/J-Prev-Alzheimers-Dis.png
JAMA Neurol,https://i.postimg.cc/KjnDv42w/JAMA-Neurol.png
J Neurosci,https://i.postimg.cc/zDWjk2g7/JNeurosci.jpg
Lancet Neurol,https://i.postimg.cc/FRPQCF8t/Lancet-Neurol.png
medRxiv,https://i.postimg.cc/prpMwbMm/medRxiv.png
Mol Neurodegener,https://i.postimg.cc/2yMNmcC2/Mol-Neurodegener.jpg
Mol Psychiatry,https://i.postimg.cc/VkyPVVGN/Mol-Psychiatry.jpg
N Engl J Med, https://i.postimg.cc/N057tCVq/N-Engl-J-Med.jpg
Nat Commun,https://i.postimg.cc/8PfVwSb3/Nat-Commun.jpg
Nat Genet,https://i.postimg.cc/fTNvq77N/Nat-Genet.png
Neurobiol Aging,https://i.postimg.cc/m2yyvcVF/Neurobiol-Aging.png
Neurol Clin Pract, https://i.postimg.cc/NjkxvTsN/Neurol-Clin-Pract.png
Neurology,https://i.postimg.cc/Tw3zbMwt/Neurology.jpg
Neuromolecular Med,https://i.postimg.cc/7Zgr8ndn/Neuromolecular-Med.jpg
Sci Rep,https://i.postimg.cc/Jhxwt41y/Sci-Rep.png